Time,States,Thpt
581.439215,9562,16.4453991979196
2704.421665,3590054,1327.47568415889
2479.104546,2671765,1077.71372704344
612.372557,7548,12.3258299440744
597.636415,7196,12.0407656216866
609.947199,7252,11.8895537382409
586.072421,7342,12.5274620284513
2728.418204,3577204,1311.09079786802
2735.939792,3582461,1309.40783509756
547.149579,3134,5.72786696780041
552.507257,4964,8.98449737466525
609.663534,3084,5.05852790598429
570.694885,3177,5.56689762516445
532.47476,3037,5.70355672820999
564.735099,3062,5.42201114367074
460.699916,2937,6.37508256024948
491.341197,2879,5.85947202794802
437.166404,3126,7.15059522277471
623.034351,7556,12.1277422149714
555.554271,9412,16.9416391724581
600.455339,7094,11.8143674295816
644.431214,7987,12.3938751359117
477.319469,2077,4.35138337087189
515.132884,3185,6.1828706707064
581.342811,3261,5.60942689631024
570.8303,3187,5.58309536126586
476.488293,2823,5.92459466784843
505.889477,3112,6.15154127825434
562.533588,3188,5.66721715468482
618.509745,4125,6.66925627824991
589.063513,3406,5.78205902221617
598.910843,3062,5.11261406566319
2684.142286,3593594,1338.82395830636
2650.127357,3593020,1355.79144545995
2703.458441,3596900,1330.48096669447
2701.719817,3595934,1330.97961430839
2719.354052,3594798,1321.9308450682
2744.794001,3592233,1308.74411656804
2713.014994,3588319,1322.63146644445
2705.564679,3591423,1327.42086259325
663.670359,6063,9.13555942009458
637.568222,3964,6.21737386403176
636.676549,4235,6.6517292126618
607.129534,3000,4.94128490214413
2723.121669,3588256,1317.69947734935
2739.762321,3590390,1310.47498992158
2482.658348,3592026,1446.84668468124
2697.504,3593700,1332.23157407737
2670.874253,3591442,1344.66907079807
2729.768417,3595104,1316.99963176766
2728.049998,3594515,1317.61331450495
2777.035097,3594742,1294.45321158647
2697.517548,3595516,1332.89809464476
2467.43538,3595216,1457.06591918934
2472.796329,3595044,1453.83748666993
2691.731017,3593792,1335.12300348843
2726.370038,3594635,1318.46922827722
2717.497975,3594507,1322.7266526298
2716.343578,3595530,1323.66539679319
2718.041313,3594328,1322.39638257478
2707.05445,3594573,1327.85397057676
2694.763521,3591279,1332.68799730052
2543.009808,3594995,1413.67720591977
2378.937824,3596198,1511.68221536504
2344.664802,3589758,1531.03249425587
428.64219,3075,7.17381553131762
373.74695,3051,8.16327731905237
547.040307,16531,30.2189798237299
586.045096,16881,28.8049505323392
666.129758,4947,7.4264810130281
556.058416,16615,29.8799541953161
597.094536,16336,27.3591517173086
562.504656,16796,29.8593084001068
540.615795,16484,30.4911549985327
551.641796,17579,31.8666934366953
570.22149,17705,31.049338389544
600.877125,17586,29.2672149900864
502.390395,17285,34.4055144605223
628.344411,17699,28.167673158471
521.334282,16566,31.7761570109061
513.43272,15678,30.5356464231574
545.365905,17437,31.9730291903745
2617.564126,3567759,1363.00729543235
3620.612656,3571209,986.354890540934
2153.784148,3113337,1445.51950709222
2399.999043,3590475,1496.0318465427
2270.479665,3596949,1584.22427447726
2864.213091,3593878,1254.75231270075
2862.452023,3591867,1254.8217301597
2338.046679,3590462,1535.66737236216
2386.357484,3594726,1506.36525503905
2288.096251,3593020,1570.3098147334
2291.429284,3596633,1569.60244207126
2894.129439,3590194,1240.50913259792
2472.860928,3591974,1452.55803079275
2479.716933,3592692,1448.83149854266
429.004702,3244,7.56168868284339
386.880635,3158,8.16272440206267
410.360946,3111,7.58113078333726
372.479436,3031,8.13736197774956
2230.887902,3594782,1611.36827931931
2404.493333,3597112,1495.99583023672
2245.004244,3592786,1600.34708602537
2263.091286,3592929,1587.62000553256
2276.448009,3590511,1577.24269818806
2394.3202,3593327,1500.77128364034
2263.239445,3593255,1587.66011609523
2267.685556,3590635,1583.39192596595
2267.213002,3591596,1584.14581992592
504.446117,17288,34.2712520076748
511.172315,16418,32.1183278480173
479.55353,16488,34.3819802556766
536.82909,17208,32.0548947896993
516.482819,16365,31.6854683214545
489.899887,16184,33.0353209491555
498.964078,17585,35.2430180354587
567.15741,16003,28.2161525492544
492.532092,16914,34.340909505649
550.467959,16745,30.4195725222946
535.625578,16341,30.5082517922622
589.399599,16470,27.9436905419408
547.39483,17496,31.962304064874
556.108406,15387,27.669065660554
554.030165,16366,29.5399078135033
930.834789,15639,16.8010480321659
542.219992,16975,31.3064812261662
1262.591787,1415684,1121.25234345438
2243.891796,3593968,1601.66724902095
2283.140462,3585863,1570.583614842
2278.673856,3594576,1577.48595330353
2302.969279,3596244,1561.56837730878
2245.594321,3591455,1599.33384512687
2236.277835,3594089,1607.17462908628
2291.009665,3593416,1568.48574447197
2316.428986,3594971,1551.94526649737
2230.768331,3590185,1609.39392500278
2244.526288,3589370,1599.16594391876
2331.60626,3591852,1540.50538533037
2407.691902,3589252,1490.74389336049
2332.677504,3592803,1540.20561943911
2285.776297,3591991,1571.45342906669
2857.630243,3592334,1257.1024571145
395.784272,2795,7.06192791814628
331.551058,3028,9.13283166178284
376.511634,2981,7.91741803123141
398.489063,3047,7.64638300750553
719.838216,3253,4.51907099080719
373.428795,3063,8.20236693316593
468.42574,3185,6.79937016270711
337.440229,3026,8.96751406602442
359.632818,3182,8.84791331807766
391.316618,4126,10.5438915962419
584.814486,16952,28.9869700662647
495.794541,16397,33.0721672871344
534.48661,16469,30.8127457112536
490.541875,16796,34.2396864691725
2768.095846,3571398,1290.20026714783
416.734522,3071,7.36919990516168
468.518298,3736,7.97407489941834
384.129426,2916,7.59119141265684
366.214327,3166,8.64521065010108
376.220219,3573,9.49709723070466
636.378012,3368,5.29245187057154
441.2225,3177,7.20044875318008
686.553758,15822,23.0455369526941
705.919337,16414,23.2519484021444
487.357792,17058,35.0009793215741
713.988719,15690,21.9751371169773
836.589024,16527,19.755219738575
669.4409,15646,23.3717420014224
754.087878,16594,22.0053928515743
523.647964,14884,28.4236758724417
2293.160541,3595339,1567.8531597409
553.853889,3613,6.52338111505072
408.49676,3015,7.38071949456833
381.962229,3136,8.21023588696253
2238.585519,3589878,1603.63674719188
2349.402633,3592313,1529.03250789879
2737.148361,3591907,1312.2807119917
2717.523848,3593681,1322.41010604003
2305.384055,3592506,1558.31128969962
2228.722267,3591438,1611.43362417889
506.717397,3346,6.603286210045
530.117902,3234,6.10052968933692
432.521254,12477,28.8471373016041
416.589442,5208,12.5015170211635
496.922599,12333,24.8187545199569
664.228557,12842,19.3337065452306
510.197713,3080,6.03687535541736
437.910028,3170,7.23892991096335
376.073288,3099,8.24041509696376
639.252889,3022,4.72739357459517
489.788164,3207,6.5477286625489
416.326993,3359,8.0681773136915
369.235612,3018,8.17364279586336
2377.382106,3595545,1512.39676235706
2712.527188,3594437,1325.12478249121
2443.114629,3595680,1471.76066047779
2250.64095,3592991,1596.43011916228
2700.909957,3596878,1331.72821651381
2692.608997,3590638,1333.51630481832
2272.397074,3594224,1581.68835945262
2414.664115,3589972,1486.73762851692
2679.753908,3594958,1341.52542487868
2344.922506,3591135,1531.45146196145
2347.960784,3592559,1530.07623657142
2945.514608,3593026,1219.82963188889
2759.722672,3591620,1301.44236464062
2258.549,3589645,1589.35892026252
2724.965506,3593615,1318.77449167241
2627.1304,3591735,1367.17043051993
2917.010024,3593726,1231.98959565865
2345.778018,3593630,1531.95655020415
2722.929202,3593968,1319.89035828042
632.484563,11366,17.9703990656923
2376.270927,2642383,1111.98726120677
444.932157,11107,24.9633563797458
2437.516789,3590269,1472.92072661904
2698.851513,3596802,1332.71578027716
2704.77765,3593747,1328.66633233235
2713.320233,3589704,1322.99311977305
2699.247905,3591685,1330.62435404576
2725.641328,3594612,1318.81328738056
2566.17537,3591040,1399.37435374886
3663.40446,3592842,980.738555960594
2714.443799,3592995,1323.65790786446
3700.483556,3593416,971.066604031681
2383.225715,3592463,1507.39519861215
3565.841771,3592666,1007.52255167858
2317.903842,3591987,1549.67041121976
410.946243,5411,13.1671723301288
356.553317,2969,8.32694539201272
329.273115,2848,8.64935480687514
360.26575,2988,8.29387750570239
536.674669,17170,31.9933117618413
571.228763,15882,27.8032218066022
548.725819,17069,31.1066099114975
947.018855,15919,16.809591399318
568.314735,17149,30.1751810112754
548.461031,16675,30.4032539369237
500.685711,17625,35.2017235818419
516.141071,16294,31.5688886536991
520.825702,15230,29.2420284588797
527.366087,16956,32.1522381093117
477.120293,14600,30.6002494846724
2314.999761,3588282,1550.01398291721
2323.917407,3590974,1545.22445125779
2479.515644,3593485,1449.26893633263
2301.491389,3593296,1561.29022127747
2413.937228,3593419,1488.61327391567
2409.789711,3590185,1489.83331765914
2553.361856,3596347,1408.475258432
2732.166284,3593299,1315.18312814375
2722.050381,3594760,1320.60744543582
2759.765947,3597011,1303.37538366619
2742.778482,3595398,1310.8597809103
2696.557619,3593790,1332.73250854277
2717.8449,3594573,1322.58209436455
2719.899101,3593198,1321.07768213862
2716.153004,3591142,1322.14274921605
2706.614931,3592622,1327.34877017495
2253.890691,3592984,1594.12522281898
2337.936955,3592275,1536.51491427835
2760.654665,3592299,1301.24895574362
2724.039391,3592206,1318.7056001717
2757.957841,3594895,1303.46263694029
2444.740138,3590318,1468.5888058995
2345.615863,3590374,1530.67433446156
2741.890727,3589231,1309.03502632547
2746.221512,3590001,1307.25106635171
2297.333775,3595345,1565.0076793913
3554.541845,3597757,1012.15772858626
2309.911757,3592351,1555.18971195054
414.216502,7503,18.1137158074885
403.512193,7602,18.8395794027468
2419.490409,3592432,1484.78869212992
395.26454,3222,8.15150278848692
413.070915,3297,7.98168033689808
379.467604,3444,9.07587357575853
481.708199,2867,5.95173593879393
551.368626,4949,8.9758462245184
334.520842,2483,7.42255694788667
565.773377,11793,20.8440348722877
429.418299,2839,6.61126926032558
2428.0289,3594533,1480.43254345119
2362.887973,3594706,1521.31884417527
2228.041602,3595553,1613.77282936389
3701.562845,3596915,971.728740161374
2432.603041,3592645,1476.87269128922
2323.509555,3594702,1547.10015814848
2447.78244,3591320,1467.17287505339
2230.446485,3585864,1607.68887490255
2286.472116,3593898,1571.80924046747
2280.662819,3592401,1575.15655978254
2252.521293,3590722,1594.09014740888
2291.158492,3590973,1567.31758738583
2285.34842,3593679,1572.48626447953
2305.892599,3594744,1558.93817498653
2266.106345,3589776,1584.11630059665
2306.753514,3596861,1559.27409589718
2246.458539,3594502,1600.07493465696
2300.816811,3591691,1561.05039863602
2270.679207,3593557,1582.59123037806
448.78519,11593,25.8319576009182
2135.952193,2976521,1393.53353027036
2225.595946,3592966,1614.38378177204
2241.619962,3594423,1603.4934828083
2215.110909,3593480,1622.25737113193
2225.815739,3594042,1614.70778421879
2278.313361,3590618,1575.99830710908
2243.41308,3590642,1600.52646211727
2278.19481,3594528,1577.79658887029
2264.550769,3593033,1586.64272366331
2341.189696,3590820,1533.75867241131
2423.890491,3594863,1483.09629224087
2353.613429,3589685,1525.1803697964
2313.641077,3590317,1551.80379346282
2337.86196,3592249,1536.55308203056
2317.477455,3594385,1550.99027705536
337.722172,3050,9.03109198290955
365.406407,3014,8.24835017192241
2415.708042,3589623,1485.9506768161
2451.577514,3593316,1465.71584193442
2401.544787,3591710,1495.58318439139
2367.37058,3594540,1518.36811286216
2720.777639,3591474,1320.01746431583
2467.176081,3592230,1456.008765513
542.783524,12017,22.1395813775659
2452.396422,3594914,1465.8780153774
2498.241651,3594032,1438.62464168003
2466.263115,3593019,1456.86767082838
2514.364704,3594198,1429.46565956885
2555.02529,3595299,1407.14810693713
2665.10877,3594652,1348.78247389505
2696.477803,3592824,1332.4137124373
2744.758942,3593645,1309.27526822499
2720.31793,3590409,1319.84903691018
2719.100027,3593189,1321.46260318507
2712.754496,3593402,1324.63221618415
2720.287777,3595768,1321.83367892257
711.47211,10923,15.3526748926251
2668.143933,3018289,1131.23170105981
2705.478317,3593076,1328.07421793874
2689.586215,3596191,1337.07965186013
2694.048846,3596368,1334.93051001645
2721.345566,3592874,1320.25643670128
2717.153387,3596608,1323.66763584554
2786.782202,3591667,1288.82228306983
2754.227056,3594198,1304.97519882035
2687.927961,3591585,1336.19094414413
2697.16166,3589627,1330.89056293348
2439.121778,3593580,1473.30897227551
2700.630834,3593167,1330.49173354732
2740.533857,3590613,1310.18742601143
2729.913743,3593475,1316.33279960377
2736.291587,3592491,1312.90503434201
716.896659,16168,22.5527623779873
406.227375,15207,37.4347002094578
661.709337,15636,23.6297103965453
646.351295,16568,25.6331195251957
514.546635,16519,32.1039899522421
480.828514,17289,35.956686212665
425.907558,15009,35.240041455193
2765.785269,3589942,1297.98290570041
2364.761196,3543156,1498.31450464988
426.753218,3064,7.17979354522407
463.026323,2986,6.44887742159748
680.504507,3125,4.59218119476761
2302.978085,3591010,1559.28969684486
2345.222939,3352261,1429.39971473646
3575.800769,3591449,1004.37614733339
2453.258451,3393536,1383.27700394417
2923.533241,3590594,1228.16937726073
2815.830184,3593742,1276.26375355312
2340.115722,3589751,1534.0057614467
2372.635299,3595368,1515.34793464269
2353.261815,3591166,1526.03759475866
2390.913268,3592396,1502.52041681338
2726.418532,3598775,1319.96425264909
2441.068782,3593652,1472.16335176581
2517.464071,3595166,1428.09029189915
2501.160053,3595098,1437.37222881354
2445.88716,3596164,1470.2902320318
2356.890291,3594397,1525.05910594376
364.336492,7438,20.4151935458609
376.866824,7457,19.7868305860746
618.202832,7346,11.8828313617302
463.201439,7212,15.5698998163086
449.089762,7227,16.0925512258727
490.782844,7377,15.0310877614948
2279.138449,3592187,1576.11618617382
2284.144887,3593862,1573.39493674597
2715.342754,3593772,1323.50584275447
2699.37751,3591561,1330.51453036667
2362.430381,3595604,1521.99363372478
2715.452693,3593255,1323.26186689344
2710.488674,3592140,1325.27393840717
509.999731,2311,4.53137493909776
345.79121,2164,6.2581116506692
503.125586,2528,5.02459042104847
2332.429847,3591032,1539.60986420185
2318.073472,3588989,1548.26369541405
2337.982253,3593860,1537.16307956936
2701.462431,3593969,1330.37904164731
2737.184745,3594924,1313.36549590481
2726.327864,3590695,1317.04445654303
2736.160089,3591090,1312.45610022492
2701.236809,3595182,1330.93921570354
2749.609941,3589449,1305.43934486015
2756.342166,3593605,1303.75867130278
2737.027087,3588483,1311.08786502119
2701.263937,3590353,1329.1381678117
2746.881415,3593263,1308.12454457558
2720.847912,3594930,1321.25356369423
665.368929,3243,4.87398773620822
463.457443,3184,6.87010220267409
370.905647,3135,8.45228436222757
461.719123,3101,6.71620438818169
358.011567,2903,8.10867655569352
391.97014,3496,8.91904674167272
454.438301,15512,34.134446779388
447.304394,14236,31.8262020023886
667.36834,16523,24.7584414927445
465.378239,15191,32.6422654240178
843.811099,15681,18.5835431870753
546.725317,15981,29.2304005376799
524.744507,15746,30.0069839511441
1031.672724,15628,15.148214774359
1254.594575,1400622,1116.39411480796
2533.395467,3593140,1418.30995073775
2334.023018,3596581,1540.93638848595
2594.046449,3584226,1381.71234419558
2381.739302,3596869,1510.18585324583
2499.173517,3592042,1437.29195894804
2425.634244,3593786,1481.58610841248
2582.19213,3594480,1392.02654916309
2681.939543,3594418,1340.23080773078
2717.556586,3594761,1322.79159098989
2828.265206,3595637,1271.32243198837
2723.971691,3596667,1320.37605672753
2713.751657,3594698,1324.62305116522
2737.558706,3597214,1314.02259689112
2728.171365,3592017,1316.63906676918
2415.542753,3593316,1487.58120531597
2789.291552,3596129,1289.2625001576
2360.223187,3595882,1523.53473171773
2738.533553,3591875,1311.60525532549
2595.840324,3591347,1383.50073646518
2492.219667,3590972,1440.87298866501
2750.723843,3594327,1306.68406032354
505.911427,3145,6.21650319038949
623.000598,3102,4.9791284470003
388.527664,3087,7.9453801776133
581.321747,3131,5.38600184176492
2764.988318,3589449,1298.1787216361
2258.175259,3591193,1590.3074775473
2747.285013,3595095,1308.59921085297
2417.647768,3594819,1486.9076660302
2727.356818,3590202,1316.36681211105
563.65686,3564,6.32299587376618
380.135606,2968,7.80774006210826
576.408102,3244,5.62795697830077
652.290327,2740,4.20058352329361
404.349558,10819,26.7565520623124
614.692016,11049,17.9748552322176
2299.881333,2912116,1266.20272020791
2858.408099,3593118,1257.03464150449
2373.529701,3587695,1511.54417763909
2402.020787,3592746,1495.71811345028
2465.852137,3593286,1457.21876266744
2441.418013,3590412,1470.62566954199
2445.256227,3590609,1468.39785555119
3534.184281,3583323,1013.90383610277
3662.621938,3590938,980.428245335323
3528.819592,3587929,1016.75047603284
2415.086173,3592775,1487.63842887523
2710.105284,3596060,1326.90785897896
3668.769407,3595116,979.924220132378
2361.230738,3595617,1522.77240090714
2412.619114,3592653,1489.10906788082
2630.888507,3595997,1366.83747351214
2468.618439,3591842,1455.00087954257
2690.30314,3589078,1334.07940043515
2690.774055,3594418,1335.83048094315
2557.278309,3593028,1405.02032467675
2400.253859,3597490,1498.79563218317
2563.689995,3591773,1401.01689635061
2605.929767,3593017,1378.78504843066
2750.500713,3590663,1305.45794190456
2565.058101,3591469,1400.15113053379
2251.027273,3595282,1597.17389616896
2603.519286,3592996,1380.05353727193
2556.402156,3594144,1405.93841683491
2553.569052,3592616,1406.89988280763
2602.3477,3595144,1381.50025071592
2420.927309,3597067,1485.82197682169
2423.242064,3588907,1481.03528463676
2679.548142,3587300,1338.77049782075
2214.44608,3593306,1622.66583614445
2573.732508,3596773,1397.49293635607
2433.804943,3591215,1475.5558001182
417.534436,3008,7.20419620670521
336.927706,3347,9.93388178056215
341.692357,2879,8.42570792416056
360.93637,2741,7.59413632934802
3659.585758,3593104,981.833529148847
2301.584547,3590170,1559.86883240053
446.78035,3024,6.76842658814337
476.298757,5456,11.4549952520661
497.343788,3275,6.5849822175722
396.478815,3131,7.8970171457963
328.113898,2931,8.93287366937441
495.328231,2957,5.96977885558879
416.314539,2868,6.88902195654522
334.107646,3006,8.99710029383763
361.29252,2980,8.2481641192018
394.474157,2902,7.35662894134786
407.947506,3350,8.21184086366249
364.296295,2961,8.12799921558357
767.855973,3213,4.18437846806982
394.841314,3038,7.69423029526236
386.403962,3134,8.11068288166259
447.598419,2877,6.42763664453426
390.533898,2966,7.59473125172863
431.179476,3235,7.50267621736244
570.963477,15840,27.7425801090251
452.246239,4701,10.3947796456965
434.17696,4075,9.38557402953856
381.372168,4056,10.6352805483173
398.021391,3180,7.98952034213659
364.73314,2902,7.95650211549189
367.810952,3032,8.24336519484607
2404.058788,3592259,1494.24756912392
2250.087245,3593510,1597.05362891384
2374.869043,3591128,1512.13727366777
2447.874331,3596510,1469.23800558453
2528.453882,3592630,1420.88017724027
2424.779407,3591181,1481.03410546657
2758.567144,3593381,1302.62589685945
2563.272209,3592939,1401.70013445497
5074.328145,3593425,708.157789034749
2394.168885,3589832,1499.40633782817
2325.665141,3594504,1545.58106265222
2725.276844,3595354,1319.26193403638
2639.809128,3593315,1361.20258161332
2389.961325,3594629,1504.0532088945
2574.345039,3594960,1396.45616478685
2336.164129,3593126,1538.04518928987
2481.101574,3594454,1448.73311019068
2552.414482,3593256,1407.78702884667
678.239127,2866,4.22564827935679
543.932171,5367,9.86703910182948
603.381257,3431,5.68628866110105
388.817633,3105,7.98574893850043
526.62665,5348,10.1552019822772
402.868247,3283,8.14906616355893
455.666197,2950,6.47403739716071
416.485846,2984,7.16470926601429
566.33385,3595,6.34784588630893
451.85748,5323,11.7802631041983
558.424456,2094,3.74983577008669
584.845126,2145,3.66763764395294
593.892955,2341,3.94178779238087
677.343852,3102,4.57965328959685
648.124087,3230,4.98361357768825
515.235948,3210,6.23015535398939
710.701059,2861,4.02560255647516
628.451444,5135,8.17087787612753
2775.282709,3588909,1293.16879623163
2404.627756,3595729,1495.33706039447
2776.329917,3588759,1292.62699581391
2767.839243,3577564,1292.54761057667
2780.391418,3596314,1293.45601368131
2779.795136,3592105,1292.21932705763
2409.185962,3589689,1490.00079554672
2476.629154,3593595,1451.00246203433
2485.195365,3588913,1444.11705033097
2554.336856,3594036,1407.03290231976
2736.851961,3594333,1313.30925136583
2727.167509,3594035,1317.8636765579
2732.448445,3591681,1314.45517538392
2346.52575,3594489,1531.83445781492
2567.845216,3597320,1400.90998382046
2737.202849,3594691,1313.27168584282
2483.247929,3597536,1448.72203777442
2531.565562,3593506,1419.4797298321
539.35356,2393,4.43679281545857
492.277279,3122,6.34195428710818
479.284428,3083,6.43250608592691
554.616942,3219,5.80400589349469
888.998811,2993,3.36670866481058
560.785208,2845,5.07324365802459
2655.622391,3595250,1353.82575933402
2492.143191,3594036,1442.14666836935
2453.974605,3559061,1450.32511450949
3592.670582,3587453,998.547714887599
2460.159075,3594785,1461.20022746903
2559.5471,3591351,1403.11971598413
2469.957445,3585767,1451.75254223864
2749.128035,3589712,1305.76384740844
2448.873403,3588757,1465.47265187477
6203.666775,3530164,569.044748539061
2272.851577,3591539,1580.19073323766
2719.849571,3593920,1321.36719556833
2755.675858,3591048,1303.14601028812
2537.14016,3595102,1416.98990725053
5963.153098,3592980,602.530228714916
464.394314,3132,6.74426862168687
579.047457,3348,5.78190951281563
428.075398,3188,7.4472861904575
484.849735,7635,15.7471468969659
615.014102,8551,13.903746226619
500.962996,6877,13.7275608276664
558.930774,7139,12.7726014241613
2698.425648,3591484,1330.9553304394
2693.803099,3592316,1333.54809834971
2710.532776,3593380,1325.7098500402
2713.004685,3593607,1324.58562267466
2695.853685,3591379,1332.18617166903
2687.696529,3592847,1336.77554784683
2725.530879,3591292,1317.64861945635
2740.553205,3595491,1311.95810883737
2268.092659,3593574,1584.40352326011
2280.894485,3592386,1574.9899978385
2724.676681,3588978,1317.21243295655
2726.105449,3588545,1316.36323947643
2726.999101,3593835,1317.87172158661
2331.678499,3594460,1541.57616564272
2738.714427,3594885,1312.61768826984
2737.671598,3594605,1313.01541157312
2731.079129,3595253,1316.42212846335
2728.22947,3595333,1317.82646567482
2721.668925,3594291,1320.62021467214
2712.928433,3594365,1324.90225553989
2766.985923,3596016,1299.61485170881
2594.10721,3592659,1384.93081016494
2801.662699,3590138,1281.4312020078
2738.21424,3575487,1305.77328383187
2741.209049,3593398,1310.88068650251
2799.417501,3550401,1268.26420093885
2769.200699,3594204,1297.92109372857
2727.180956,3593089,1317.5103001856
2578.777953,3591743,1392.80816939728
2421.989527,3596259,1484.83672613337
2559.840925,3586917,1401.22652348017
399.442535,3315,8.2990660972047
495.525377,15942,32.1719143760421
503.479013,16886,33.5386372897335
535.448751,16441,30.7050860970259
526.716871,15917,30.2192712562647
513.240808,16458,32.0668188177274
566.433963,16281,28.7429798767204
576.383365,16051,27.8477849547237
454.749778,16416,36.0989730928467
489.812959,15252,31.1384166542641
462.946569,5167,11.1611152258048
759.674715,3095,4.07411216786385
818.638515,5537,6.76366906582694
584.089928,3137,5.37074832079625
439.626467,3245,7.3812662420982
456.366686,3034,6.64816274516585
522.383462,16960,32.4665714627849
740.304163,16859,22.773071992032
607.546436,2897,4.76835979661644
570.575759,3161,5.5400180434234
602.852423,5055,8.38513673851486
688.405135,3335,4.84453097520837
2692.340758,3595854,1335.58651122274
2722.113455,3591537,1319.39283919377
2749.377874,3590674,1305.99508854562
2425.315708,3595730,1482.58224203115
2365.698623,3593027,1518.80166182943
2704.85937,3592047,1327.99769179867
582.989882,3259,5.59014847533838
579.965735,3068,5.28996769093609
432.925501,2964,6.84644354087148
619.491276,3328,5.37214990578818
2306.185176,3595606,1559.11417583407
2753.543232,3597328,1306.43599787868
2720.068376,3594069,1321.31568151432
2310.869627,3588916,1553.05862263601
2382.004598,3591646,1507.82496516407
2403.2187,3591957,1494.64424523661
2352.114406,3596231,1528.93540842503
2375.472048,3596648,1514.07717174704
2563.817306,3590585,1400.48395476429
2327.137657,3589512,1542.45795868706
2355.498847,3592522,1525.16398153856
2331.856192,3593614,1541.09589276078
433.587959,2146,4.94939943662043
370.272131,2110,5.69851150909329
1305.823574,1285818,984.679726727004
490.76765,11509,23.4510159746674
438.776809,11462,26.1226203502474
2437.374009,3595051,1474.96895705184
2503.326532,3594260,1435.79351477109
2490.521537,3592362,1442.41354536819
2451.454718,3591415,1465.01380328576
2414.735113,3590463,1486.89725041489
2476.072316,3592785,1451.00164352389
2466.610516,3593438,1456.83235220586
2404.260697,3594480,1495.04585941331
2492.312335,3587090,1439.26182510347
2401.233037,3587219,1493.90706554734
2511.713032,3590408,1429.46584831033
2383.255955,3592066,1507.20949315744
2724.437306,3594379,1319.31059381845
3030.015543,3593958,1186.11866803879
2740.792373,3594357,1311.42987531949
2557.442173,3590097,1403.78423328675
2680.271067,3590026,1339.42646480838
2500.365763,3591042,1436.2066754951
2523.921226,3594826,1424.30198017599
2735.004908,3588827,1312.18302003866
2495.542637,3595793,1440.88622117178
2552.889787,3595991,1408.59625758689
2502.804267,3591623,1435.03950642737
2389.093516,3592119,1503.54893014577
2733.20855,3593601,1314.79209663675
2491.455485,3589339,1440.65949466482
2542.45718,3595487,1414.1779961069
2545.41285,3591079,1410.80414519004
2509.012092,3589833,1430.77548786879
515.126975,3121,6.05870038159038
789.859844,3296,4.17289222263589
529.905516,3150,5.94445595467249
607.119347,3130,5.15549375170876
542.012007,3023,5.57736721873027
454.832043,3289,7.23124074176102
639.757622,3102,4.84871128272388
2697.209198,3593682,1332.37051195908
2731.693604,3595253,1316.12600869127
2564.857868,3588534,1399.11612443392
3555.050641,3592805,1010.61992157428
2716.806521,3589781,1321.32375723196
2739.926373,3591720,1310.88194025716
2509.045323,3592704,1431.90079791157
2337.405099,3590758,1536.2155244447
2368.029324,3590742,1516.34186435438
2329.115159,3594916,1543.46855118296
2472.569421,3593972,1453.53734842618
533.37307,17613,33.0219146609708
541.958055,17794,32.8327992098946
456.232003,17435,38.2152060472619
452.67912,16886,37.3023611073557
490.403877,17635,35.9601561632842
2444.160892,3591504,1469.42208745561
2710.906909,3591010,1324.65264228666
566.927966,3160,5.57390037096882
449.649981,3129,6.95874598513549
2711.322003,3592546,1325.01635586808
2727.316801,3594735,1318.04819985781
2525.506004,3593372,1422.83249151207
2486.385168,3594438,1445.64810241822
2717.409414,3589113,1320.7847818253
2448.512033,3593841,1467.76530054325
2531.526032,3591290,1418.62653379975
2693.257663,3590018,1332.96492545801
3533.366151,3589846,1015.9847144582
429.688166,3096,7.20522519579932
503.498472,2938,5.83517163086843
347.74669,3013,8.66435277931761
387.7381,2851,7.352901352743
719.871695,4047,5.62183515216555
385.555551,2898,7.5164266017791
470.336955,2794,5.9404220108539
682.661419,3084,4.51761285194293
734.004725,4672,6.36508164167472
1002.430532,4370,4.35940432827918
924.79207,3128,3.38238194451646
494.986713,3389,6.84664842710637
641.388358,3620,5.64400640399525
543.99131,11325,20.8183472636723
445.437292,5126,11.5077926614191
421.004621,2908,6.9072876043325
411.661387,2924,7.10292510383054
729.933398,3055,4.18531335649338
605.644791,17997,29.7154376087088
525.55444,16580,31.5476356740512
521.982309,17202,32.9551398647114
602.654004,17387,28.850716803667
586.740883,16506,28.1316684728103
664.725366,17412,26.1942764495014
639.264792,17345,27.1327315645439
566.372363,17141,30.2645417039885
648.429919,18383,28.3500181921741
648.159168,16569,25.5631653736016
606.240323,15930,26.2767080902337
628.851184,16994,27.023881694719
778.050246,16485,21.1875776464956
795.698343,16513,20.7528394966131
738.134084,17308,23.4483143038278
760.797609,15693,20.6270364343377
807.739145,15611,19.3267840201059
2768.667187,3589998,1296.65205585434
2552.994036,3591974,1406.96529226048
2644.992326,3593569,1358.63116300021
2722.13811,3592767,1319.83273986051
2715.278612,3592332,1323.00677511469
2776.608996,3594434,1294.54093290707
2516.365409,3594154,1428.31163834362
2705.52805,3591227,1327.36638971457
2398.983575,3590495,1496.67344012557
3522.349294,3590268,1019.28221772772
2488.964031,3593894,1443.93167407729
398.513321,2966,7.44266212370853
437.691255,3060,6.99122946836121
576.825635,3411,5.91339876910984
431.237165,3005,6.96832333548988
561.052471,3103,5.53067700507463
554.102567,3013,5.4376214431073
575.661944,2818,4.89523413762436
466.247186,3035,6.50942266491234
2464.785472,3590634,1456.77343557468
2478.610484,3593340,1449.73969213631
2632.692335,3595238,1365.61266662403
2754.377005,3593617,1304.69321863947
2971.548724,3594302,1209.57195517956
2759.542022,3587996,1300.21430055976
2598.281196,3590278,1381.78962520575
518.984971,2231,4.29877573468308
2839.043295,3591984,1265.20930706694
3625.625724,3594722,991.476306063411
2706.503729,3590716,1326.69907730986
2899.159813,3592750,1239.23834204996
2735.369765,3590416,1312.58890331414
2728.919887,3588587,1315.0210151259
2805.796568,3594098,1280.95459271372
2725.291598,3594730,1319.02582558067
477.307937,3708,7.76856974829648
390.130293,3087,7.91274109032082
512.297027,3165,6.17805654374801
594.829732,3023,5.08212659416964
351.145389,2905,8.27292651705587
443.883804,4975,11.2078880895596
532.06715,3017,5.6703369114218
499.165949,2996,6.00201196816813
494.665763,3181,6.43060473946728
2119.358397,2369696,1118.1195230379
727.055705,14052,19.3272673652977
598.923549,11233,18.7553152965104
2815.885623,3589895,1274.87244889421
2753.445283,3594223,1305.35479393436
2736.898409,3590992,1312.06623826131
2717.484883,3589828,1321.01121241085
2424.139751,3590740,1481.24298465827
2733.875222,3593370,1314.38698119193
2744.023456,3584873,1306.42943017175
2860.761863,3594945,1256.63902560211
3605.65861,3592418,996.327824835308
602.86932,3559,5.90343525857312
632.853279,2962,4.68038974954888
562.704195,2895,5.14479903601927
555.529058,2899,5.21844889705121
442.616895,3414,7.71321664077012
437.053147,3136,7.17532872495253
2845.994424,3464375,1217.28102163
563.635809,3211,5.69694108984477
549.304053,3324,6.05129341727249
2589.525077,3591401,1386.89562495401
2861.82148,3541119,1237.36544181645
2813.733994,3583302,1273.50417901658
2792.436941,3593443,1286.84839655257
2809.857001,3591304,1278.10917022535
2778.693433,3587924,1291.22700524984
3681.138672,3593719,976.252002494515
2745.990511,3588898,1306.95935970042
2809.235764,3579684,1274.25545618961
2594.401542,3586004,1382.20855251095
2801.542532,3592944,1282.48775771219
2776.223681,3450636,1242.92434489899
523.096904,3065,5.8593350038256
717.383443,3052,4.25434965049786
530.074542,3080,5.81050353480285
917.290218,2962,3.22907618753218
2654.158197,3595379,1354.62121438875
2791.42737,3583799,1283.85894561176
2842.544827,3376932,1187.99604070413
2589.465207,3594446,1388.10360930252
2779.195615,3595853,1293.8466729698
2666.71811,3585197,1344.42293940097
2788.634377,3592527,1288.27465860362
2671.900794,3592042,1344.37700982995
2538.732611,2702666,1064.572924415
2442.195821,3594860,1471.9786059285
2459.422332,3572133,1452.42765080333
2776.457328,3589866,1292.96638698421
422.104332,2957,7.00537704976693
468.363953,2917,6.22806255971625
499.370801,3089,6.18578417843858
588.224415,16105,27.3790063610331
658.529111,15380,23.3550798941066
593.973716,14888,25.0650821727607
588.687705,14960,25.412455318733
659.88928,17078,25.8800991584528
699.076075,16186,23.153417172802
766.419696,15047,19.6328461788383
608.348602,16915,27.8047815748905
3512.209302,3594862,1023.53296483582
2736.94342,3594090,1313.1765800259
2711.338288,3591311,1324.55290285784
518.265071,2217,4.27773377766375
453.459578,2164,4.77220044517397
624.958223,2543,4.06907198979283
2760.711827,3596210,1302.63867631122
2744.693092,3593769,1309.35185812753
2745.462632,3593043,1308.7204167782
2574.23783,3592568,1395.58511576998
2758.085044,3591253,1302.08203978789
2776.193834,3582382,1290.39332777367
2760.075615,3591661,1301.29079815083
2771.287224,3591197,1295.85882289623
2601.239851,3591569,1380.71427693194
2751.568409,3581379,1301.57730706815
2761.510725,3591606,1300.59462289432
2451.478365,3592477,1465.43287972276
2711.681664,3592937,1324.98480470604
2760.740055,3591938,1301.0779459278
2535.578172,3592499,1416.83622286681
2685.176217,3597153,1339.63386731427
2571.278947,3593764,1397.65621469929
2768.305584,3594846,1298.57267953985
2688.996061,3594416,1336.71300309131
2701.806088,3592373,1329.61910773517
2747.584755,3581865,1303.64131387823
2697.406683,3595209,1332.83906452011
504.798907,3089,6.11926840007996
559.549003,4139,7.39702863879466
406.746424,2825,6.94535915575745
398.567369,3145,7.89076137339281
468.613183,4832,10.3112762834929
381.371915,2945,7.72212080692937
2742.344056,3593681,1310.44133289452
2401.419922,3596679,1497.73014167574
2629.649976,3597034,1367.87558527903
2724.811886,3596531,1319.91900742905
603.45399,12147,20.1291236801666
464.889767,3060,6.58220554035125
418.547173,3185,7.60965598494199
421.441354,3199,7.59061722262785
405.931656,2772,6.82873572195611
3004.579318,3592031,1195.51877977748
3014.71321,3593999,1192.15286816619
2870.017569,3589821,1250.80105389418
2723.218713,3594743,1320.03462771446
2523.183737,3595253,1424.88751305708
2932.612366,3595735,1226.12011109551
2880.263207,3592662,1247.33808745973
491.326386,7058,14.3651963361072
466.395725,6694,14.3526186909196
560.513213,8190,14.6116091646889
518.927229,7182,13.8400908617574
522.026922,6869,13.1583251945768
2704.983287,3587459,1326.24072660306
2694.104242,3591907,1333.247223327
2653.200033,3596405,1355.49711867503
2590.001041,3591305,1386.60368978593
2453.496508,3591404,1463.79014124931
2686.539773,3592355,1337.16799434854
2723.702548,3595073,1319.92129707403
2603.065199,3592068,1379.93777542719
2763.665812,3594483,1300.62143707555
2726.047366,3595058,1318.78046025118
2319.885855,3592762,1548.68050609326
2748.819162,3593801,1307.39811831972
3401.895396,3595201,1056.82291237623
2392.956245,3593848,1501.84442674588
2463.523592,3594133,1458.93995562759
2844.71362,3588445,1261.4433223686
2726.309902,3592712,1317.79296160147
2776.972252,3596229,1295.01798133199
2724.708682,3591579,1318.15156010135
2727.178287,3593335,1317.6017927133
2627.911728,3591826,1366.79857307597
2723.338069,3597030,1320.81655265107
2739.556425,3593450,1311.69045003335
2790.713512,3590174,1286.47171576815
2727.41007,3594181,1317.80000357629
2403.020348,3591800,1494.70228289553
2680.9176,3593488,1340.39479616979
2772.467523,3592529,1295.7875863998
2881.55409,3591297,1246.30560032278
2653.620248,3597750,1355.78932317523
2864.206715,3593507,1254.62557614317
2731.514753,3591443,1314.81735401778
2403.72486,3594408,1495.34918068784
2399.58225,3589352,1495.82370014614
2943.63212,3589598,1219.44517985488
2716.266238,3590333,1321.78979724888
2704.260589,3592215,1328.35386301597
2538.482684,3591315,1414.74866960329
2824.025316,3593158,1272.35332475327
2791.993408,3593157,1286.95038810063
2517.75604,3590708,1426.15406058166
2656.62731,3595688,1353.47852010149
7961.125092,3595501,451.632270370058
2544.670054,3592708,1411.85612427536
2869.575283,3596358,1253.27187661032
2772.61119,3594771,1296.52906724365
601.59639,3126,5.19617479752497
642.969878,3415,5.31129080357945
436.317195,3132,7.17826396917499
1086.018208,973083,896.009839275181
2803.456741,3592799,1281.56034921318
2498.16378,3593463,1438.4417181807
2727.665907,3592568,1317.08505458106
3673.24034,3589655,977.244794169935
2550.710027,3591596,1408.07695190042
414.055595,3004,7.25506438332273
628.165552,3269,5.20404213442128
485.267905,2945,6.06881264896346
2703.969254,3594272,1329.25771795777
2457.884104,3590203,1460.68848167302
2723.330265,3590755,1318.51617343224
2943.243012,3588514,1219.23809395593
2729.532375,3593044,1316.35881402579
2761.384149,3594708,1301.77758907676
2763.61889,3591474,1299.55472984917
2552.532181,3593527,1407.82828390911
2752.692283,3593582,1305.47901129129
416.941265,7052,16.913653293588
2646.553747,3587536,1355.55002578982
2689.990688,3591578,1335.16372975638
2819.994456,3595288,1274.92732914791
2694.816337,3588986,1331.81098493541
2774.410383,3565475,1285.12891310067
727.995161,2874,3.94782843893107
502.04385,2896,5.76842042781721
604.353229,3029,5.01196958112058
492.689517,2937,5.96115788678329
562.681027,15588,27.7030844333054
607.842806,16590,27.2932406803874
571.391606,16268,28.4708417645183
799.701471,16921,21.1591457732857
681.846662,16042,23.5272839100589
629.644856,16893,26.829410006329
692.685802,16678,24.0772944267739
803.212501,16647,20.7255240416135
529.171765,15453,29.2022383318203
746.756754,15276,20.4564604446818
646.79513,15431,23.8576317048027
647.456806,15725,24.2873344666022
613.661201,14705,23.9627337951907
763.040972,15307,20.0605217304111
567.739908,16189,28.5148177393934
685.190116,15511,22.6375127687919
481.449894,3434,7.13262178015974
437.866205,3414,7.79690225236725
480.769203,3363,6.99504040403353
484.890646,2984,6.15396486736929
432.6983,3032,7.00719184706758
525.890341,7304,13.8888270625225
2708.840065,3590118,1325.33405954331
2741.393408,3590719,1309.81528937856
2724.862804,3594168,1319.02714321025
2767.444262,3594496,1298.85036867998
2747.065618,3594422,1308.45873372945
2451.886962,3594149,1465.87059505723
2730.069274,3595113,1316.85779340411
2759.091662,3593116,1302.28221464576
2635.592965,3593265,1363.3611288684
2720.901388,3590226,1319.49875722582
633.787152,11278,17.7946175848008
2618.437171,2976294,1136.66809842274
2399.525701,3592737,1497.26964729018
2765.589406,3591666,1298.6982059621
2958.654742,3596443,1215.56697675676
2682.885503,3594245,1339.69377223922
2467.776568,3591948,1455.54020026662
2723.320527,3589340,1318.00130187173
7190.961049,3590821,499.352030351959
2786.840015,3586578,1286.96946387143
2733.182654,3593228,1314.6680829184
2732.133081,3593800,1315.38248447423
2525.064906,3593367,1423.0790628239
2375.863922,3589727,1510.91439486912
2712.014265,3592775,1324.76257458034
2391.924807,3592111,1501.76585379592
418.861514,3064,7.31506690777038
580.149273,3146,5.42274229480936
443.162077,3274,7.38781626389029
489.667453,7138,14.5772400355962
1577.55467,7748,4.91139872826087
598.179963,7153,11.9579398215316
502.968875,7405,14.7225809946987
2464.727467,3593220,1457.85692256417
2348.158256,3588269,1528.12059869955
499.236818,11249,22.5323926329488
2772.591261,3588180,1294.16118793718
2734.187242,3593219,1314.18175931932
2625.632667,3592038,1368.06570284799
2787.585195,3594284,1289.38982975191
2378.215428,3590381,1509.6954454708
2548.42162,3594155,1410.34551417752
2834.729267,3593327,1267.60853032107
2634.651323,3593601,1363.97593435934
2675.800261,3589502,1341.46858878717
564.987226,3104,5.49392952116054
482.217687,3175,6.58416330548241
2450.667205,3592944,1466.10849187089
2668.769024,3589444,1344.98113839019
2620.667,3545465,1352.88649797933
2668.568776,3592055,1346.06049216548
2768.779481,3594552,1298.24423529091
2791.862381,3596708,1288.28269777098
2809.459991,3581922,1274.95035041416
2745.483127,3591920,1308.30161171848
2516.795345,3580913,1422.80658898787
2474.664225,3583170,1447.94189199547
2789.403499,3594132,1288.49483457252
468.193215,3438,7.34312221931708
431.107924,4146,9.61708140627914
386.728064,2910,7.52466725559384
445.908472,2823,6.33089563725535
616.470894,5367,8.7060071322686
344.009315,2874,8.35442493759217
561.93917,6907,12.2913659853966
454.353357,7123,15.6772254243518
640.54225,7217,11.2670163443551
2600.077903,3590705,1380.99900616709
2468.268964,3595897,1456.84974062656
2752.472248,3589355,1304.04766210017
547.202742,11319,20.6852033647156
572.337013,11553,20.185659388763
2867.006094,3269468,1140.37706680926
2464.414238,3588397,1456.08515998194
2441.725195,3588519,1469.66538550216
2751.63233,3589973,1304.67030818758
2714.49441,3590069,1322.55531150643
2712.78198,3592674,1324.35043674243
2453.690861,3592290,1464.03528541324
2440.739509,3590364,1471.01482430258
2762.094164,3592013,1300.4672493852
2449.007268,3591659,1466.57751772748
3118.851755,3591000,1151.3852796123
2744.894304,3590994,1308.24490938213
2459.700561,3585806,1457.82216618359
2393.975582,3591829,1500.3615855594
554.794543,17333,31.2421962665195
451.782104,3237,7.1649584420015
433.905037,3371,7.76898102706284
744.362634,13565,18.2236444716541
551.576684,3020,5.4752133068772
2343.749358,3591248,1532.2662330517
2396.123858,3591358,1498.81984940363
2344.624755,3592127,1532.06904104363
2353.311446,3044387,1293.66089863483
2092.480752,2799537,1337.90334621917
2719.143261,3322541,1221.90729986698
2369.142296,3592839,1516.51465007655
2717.673328,3594534,1322.65124103245
2691.166199,3592631,1334.97180565621
2634.969471,3593793,1363.88411309984
2728.768226,3591633,1316.21035666515
2567.032916,3592447,1399.45498073232
2485.317382,3591566,1445.11362050257
348.329029,3067,8.8048934905164
495.942896,3290,6.63382826235704
461.55959,3036,6.57769888390793
2421.498595,3593008,1483.79520327576
2611.163215,3590917,1375.21736648699
2872.593816,3588812,1249.32803935271
2736.249331,3581442,1308.88730037299
2727.537185,3592444,1317.10175016367
2704.272071,3594256,1329.10295474482
2647.890928,3593187,1356.9996263834
2584.385685,3595536,1391.25364331988
2777.199294,3591426,1293.18267067081
2660.827455,3591961,1349.94134747456
535.877706,2628,4.90410399719073
475.349024,2845,5.98507592602105
511.192108,2950,5.77082461531272
484.776146,2994,6.17604645918366
701.324569,17182,24.4993555900934
821.866654,16632,20.236859494241
667.433784,17261,25.8617415147208
601.52095,15359,25.5336077654486
778.826868,16928,21.7352542593587
1099.464654,17374,15.8022360580589
608.122067,16450,27.0504901773282
723.535148,16882,23.3326605440873
671.921653,16567,24.6561484155653
686.31542,15599,22.7286165302828
652.610134,16704,25.5956797630728
752.561593,17113,22.7396669710196
649.74115,16753,25.7841141814706
759.356143,16897,22.2517459768545
575.107271,16268,28.2868967587788
795.493081,17081,21.4722169280565
594.247392,14386,24.2087726318536
442.905869,2788,6.29479127538949
436.900922,3201,7.32660390220005
437.625542,3332,7.61381519180158
2321.661477,3590558,1546.54674489394
2508.759975,3590196,1431.06396617317
2486.458941,3593868,1445.37596850669
2381.659421,3594617,1509.29094576029
2614.598805,3590290,1373.17051975016
2430.988727,3593180,1478.07349334533
2359.018763,3596288,1524.48469524954
2393.885113,3593812,1501.2466473365
2716.080852,3591787,1322.41534612461
538.171841,14874,27.6380123723344
575.001139,16430,28.5738564423957
588.534522,15119,25.6892322112585
646.123946,16290,25.2118809414935
609.008714,15245,25.0324825401431
614.235592,16511,26.8805653971286
706.671382,16112,22.7998478647887
620.013587,15296,24.6704271014629
2728.733497,3597118,1318.2371983027
2779.79281,3595152,1293.31653318436
2774.095341,3592131,1294.88375792633
464.02673,2107,4.54068669707885
623.915156,3079,4.93496586898107
429.347029,3484,8.11464797628773
480.172334,3001,6.24983945868068
385.068338,2979,7.73628913629352
388.326839,3092,7.96236491910362
369.905668,3138,8.4832438955761
